id,status,updatedAt
sr-1,pending,
sr-2,pending,
sr-3,pending,
sr-4,pending,
sr-5,pending,
sr-6,pending,
sr-7,pending,
sr-8,pending,
sr-9,pending,
sr-10,pending,
sr-11,pending,
sr-12,pending,
sr-13,pending,
sr-14,pending,
sr-15,pending,
sr-16,pending,
sr-17,pending,
sr-18,pending,
sr-19,pending,
sr-20,pending,
sr-21,pending,
sr-22,pending,
sr-23,pending,
sr-24,pending,
sr-25,pending,
sr-26,pending,
sr-27,pending,
sr-28,pending,
sr-29,pending,
sr-30,pending,
sr-31,pending,
sr-32,pending,
sr-33,pending,
sr-34,pending,
sr-35,pending,
sr-36,pending,
sr-37,pending,
sr-38,pending,
sr-39,pending,
sr-40,pending,
sr-41,pending,
sr-42,pending,
sr-43,pending,
sr-44,pending,
sr-45,pending,
sr-46,pending,
sr-47,pending,
sr-48,pending,
sr-49,pending,
sr-50,pending,
sr-51,pending,
sr-52,pending,
sr-53,pending,
sr-54,pending,
sr-55,pending,
sr-56,pending,
sr-57,pending,
sr-58,pending,
sr-59,pending,
sr-60,pending,
sr-61,pending,
sr-62,pending,
sr-63,pending,
sr-64,pending,
sr-65,pending,
sr-66,pending,
sr-67,pending,
sr-68,pending,
sr-69,pending,
sr-70,pending,
sr-71,pending,
sr-72,pending,
sr-73,pending,
sr-74,pending,
sr-75,pending,
sr-76,pending,
sr-77,pending,
sr-78,pending,
sr-79,pending,
sr-80,pending,
sr-81,pending,
sr-82,pending,
sr-83,pending,
sr-84,pending,
sr-85,pending,
sr-86,pending,
sr-87,pending,
sr-88,pending,
sr-89,pending,
sr-90,pending,
sr-91,pending,
sr-92,pending,
sr-93,pending,
sr-94,pending,
sr-95,pending,
sr-96,pending,
sr-97,pending,
sr-98,pending,
sr-99,pending,
sr-100,pending,
sr-101,pending,
sr-102,pending,
sr-103,pending,
sr-104,pending,
sr-105,pending,
sr-106,pending,
sr-107,pending,
sr-108,pending,
sr-109,pending,
sr-110,pending,
sr-111,pending,
sr-112,pending,
sr-113,pending,
sr-114,pending,
sr-115,pending,
sr-116,pending,
sr-117,pending,
sr-118,pending,
sr-119,pending,
sr-120,pending,
sr-121,pending,
sr-122,pending,
sr-123,pending,
sr-124,pending,
sr-125,pending,
sr-126,pending,
sr-127,pending,
sr-128,pending,
sr-129,pending,
sr-130,pending,
sr-131,pending,
sr-132,pending,
sr-133,pending,
sr-134,pending,
sr-135,pending,
sr-136,pending,
sr-137,pending,
sr-138,pending,
sr-139,pending,
sr-140,pending,
sr-141,pending,
sr-142,pending,
sr-143,pending,
sr-144,pending,
sr-145,pending,
sr-146,pending,
sr-147,pending,
sr-148,pending,
sr-149,pending,
sr-150,pending,
sr-151,pending,
sr-152,pending,
sr-153,pending,
sr-154,pending,
sr-155,pending,
sr-156,pending,
sr-157,pending,
sr-158,pending,
sr-159,pending,
sr-160,pending,
sr-161,pending,
sr-162,pending,
sr-163,pending,
sr-164,pending,
sr-165,pending,
sr-166,pending,
sr-167,pending,
sr-168,pending,
sr-169,pending,
sr-170,pending,
sr-171,pending,
sr-172,pending,
sr-173,pending,
sr-174,pending,
sr-175,pending,
sr-176,pending,
sr-177,pending,
sr-178,pending,
sr-179,pending,
sr-180,pending,
sr-181,pending,
sr-182,pending,
sr-183,pending,
sr-184,pending,
sr-185,pending,
sr-186,pending,
sr-187,pending,
sr-188,pending,
sr-189,pending,
sr-190,pending,
sr-191,pending,
sr-192,pending,
sr-193,pending,
sr-194,pending,
sr-195,pending,
sr-196,pending,
sr-197,pending,
sr-198,pending,
sr-199,pending,
sr-200,pending,
sr-201,pending,
sr-202,pending,
sr-203,pending,
sr-204,pending,
sr-205,pending,
sr-206,pending,
sr-207,pending,
sr-208,pending,
sr-209,pending,
sr-210,pending,
sr-211,pending,
sr-212,pending,
sr-213,pending,
sr-214,pending,
sr-215,pending,
sr-216,pending,
sr-217,pending,
sr-218,pending,
sr-219,pending,
sr-220,pending,
sr-221,pending,
sr-222,pending,
sr-223,pending,
sr-224,pending,
sr-225,pending,
sr-226,pending,
sr-227,pending,
sr-228,pending,
sr-229,pending,
sr-230,pending,
sr-231,pending,
sr-232,pending,
sr-233,pending,
sr-234,pending,
sr-235,pending,
sr-236,pending,
sr-237,pending,
sr-238,pending,
sr-239,pending,
sr-240,pending,
sr-241,pending,
sr-242,pending,
sr-243,pending,
sr-244,pending,
sr-245,pending,
sr-246,pending,
sr-247,pending,
sr-248,pending,
sr-249,pending,
sr-250,pending,
sr-251,pending,
sr-252,pending,
sr-253,pending,
sr-254,pending,
sr-255,pending,
sr-256,pending,
sr-257,pending,
sr-258,pending,
sr-259,pending,
sr-260,pending,
sr-261,pending,
sr-262,pending,
sr-263,pending,
sr-264,pending,
sr-265,pending,
sr-266,pending,
sr-267,pending,
sr-268,pending,
sr-269,pending,
sr-270,pending,
sr-271,pending,
sr-272,pending,
sr-273,pending,
sr-274,pending,
sr-275,pending,
sr-276,pending,
sr-277,pending,
sr-278,pending,
sr-279,pending,
sr-280,pending,
sr-281,pending,
sr-282,pending,
sr-283,pending,
sr-284,pending,
sr-285,pending,
sr-286,pending,
sr-287,pending,
sr-288,pending,
sr-289,pending,
sr-290,pending,
sr-291,pending,
sr-292,pending,
sr-293,pending,
sr-294,pending,
sr-295,pending,
sr-296,pending,
sr-297,pending,
sr-298,pending,
sr-299,pending,
sr-300,pending,
sr-301,pending,
sr-302,pending,
sr-303,pending,
sr-304,pending,
sr-305,pending,
sr-306,pending,
sr-307,pending,
sr-308,pending,
sr-309,pending,
sr-310,pending,
sr-311,pending,
sr-312,pending,
sr-313,pending,
sr-314,pending,
sr-315,pending,
sr-316,pending,
sr-317,pending,
sr-318,pending,
sr-319,pending,
sr-320,pending,
sr-321,pending,
sr-322,pending,
sr-323,pending,
sr-324,pending,
sr-325,pending,
sr-326,pending,
sr-327,pending,
